Label,# 样本,平均值,中位数,90% 百分位,95% 百分位,99% 百分位,最小值,最大值,异常 %,吞吐量,接收 KB/sec,发送 KB/sec
登录,100,151,218,232,235,247,5,249,0.000%,81.96721,40.42,59.31
预览并关闭,100,38,36,51,54,66,28,66,0.000%,80.71025,2509.74,67.15
总体,200,95,39,227,232,236,5,249,0.000%,159.87210,2525.09,124.35
