Label,# 样本,平均值,中位数,90% 百分位,95% 百分位,99% 百分位,最小值,最大值,异常 %,吞吐量,接收 KB/sec,发送 KB/sec
登录,100,107,56,242,249,324,9,757,0.000%,49.23683,21.59,34.48
预览并关闭,100,2811,2804,3071,3120,3532,1877,3545,0.000%,25.49720,8751.10,4836.92
总体,200,1459,757,3005,3071,3453,9,3545,0.000%,49.48046,8502.14,4710.65
