Label,# 样本,平均值,中位数,90% 百分位,95% 百分位,99% 百分位,最小值,最大值,异常 %,吞吐量,接收 KB/sec,发送 KB/sec
登录,100,119,99,235,262,374,8,385,0.000%,70.27407,30.81,49.21
预览并关闭,100,2152,2181,2506,2612,2693,1306,2715,0.000%,31.79650,8425.06,4225.61
总体,200,1136,385,2384,2506,2656,8,2715,0.000%,61.34969,8141.31,4098.03
