Label,# 样本,平均值,中位数,90% 百分位,95% 百分位,99% 百分位,最小值,最大值,异常 %,吞吐量,接收 KB/sec,发送 KB/sec
登录,100,82,28,221,276,331,6,371,0.000%,83.61204,41.23,60.50
预览并关闭,100,102,90,160,184,195,67,206,0.000%,79.61783,7845.31,66.24
总体,200,92,82,211,221,328,6,371,0.000%,156.86275,7767.08,122.01
