Label,# 样本,平均值,中位数,90% 百分位,95% 百分位,99% 百分位,最小值,最大值,异常 %,吞吐量,接收 KB/sec,发送 KB/sec
登录,100,102,83,219,237,286,9,326,0.000%,78.86435,34.58,55.22
预览并关闭,100,6370,6362,6686,6761,6804,5613,6851,0.000%,13.75327,9678.97,4420.78
总体,200,3236,326,6604,6686,6799,9,6851,0.000%,27.21829,9583.51,4383.98
