Label,# 样本,平均值,中位数,90% 百分位,95% 百分位,99% 百分位,最小值,最大值,异常 %,吞吐量,接收 KB/sec,发送 KB/sec
登录,100,107,39,224,233,252,4,260,0.000%,85.25149,42.04,61.69
预览并关闭,100,87,82,115,129,134,61,152,0.000%,81.56607,3127.39,67.87
总体,200,97,80,218,224,243,4,260,0.000%,159.10899,3089.50,123.76
