Label,# 样本,平均值,中位数,90% 百分位,95% 百分位,99% 百分位,最小值,最大值,异常 %,吞吐量,接收 KB/sec,发送 KB/sec
登录,100,62,18,229,240,295,7,323,0.000%,88.49558,43.64,64.04
预览并关闭,100,117,101,169,212,251,74,251,0.000%,82.71299,3167.97,68.82
总体,200,89,85,216,234,275,7,323,0.000%,163.93443,3179.83,127.51
